"","term","estimate","std.error","conf.low","conf.high"
"1","var1",0.645692287791763,0.0490268698071907,0.541932353264796,0.719349804067962
