"","term","estimate","std.error","conf.low","conf.high"
"1","var1",0.934239817224783,0.0615220187096806,0.815018881940158,0.952340054901378
