"Df","Sum Sq","Mean Sq","F value","Pr(>F)"
1,6.48499313907929,6.48499313907929,0.202583498832649,0.653315742378203
145,4641.66139189493,32.0114578751375,NA,NA
