"Df","Sum Sq","Mean Sq","F value","Pr(>F)"
1,17.4561308247501,17.4561308247501,0.154616847085437,0.694739340426511
145,16370.3957059099,112.899280730413,NA,NA
