"Df","Sum Sq","Mean Sq","F value","Pr(>F)"
1,1054.65104644804,1054.65104644804,54.0024781749904,1.34296781728233e-11
145,2831.80340797373,19.5296786756809,NA,NA
