"Df","Sum Sq","Mean Sq","F value","Pr(>F)"
1,1058.90946991648,1058.90946991648,1.49012393616898,0.224178582091447
145,103039.666306305,710.618388319345,NA,NA
