"Df","Sum Sq","Mean Sq","F value","Pr(>F)"
1,87097.7654494601,87097.7654494601,53.1567641880734,1.83885326661732e-11
145,237583.611099587,1638.50766275577,NA,NA
